{"kind": "Loop", "angle": -3.141592653589793, "radius": 50.561906823578916, "roll": -0.0, "speed": 34.441252182458015, "ke": false, "uid": "e_2"}