{"kind": "Loop", "angle": -1.5707963267948966, "radius": 105.96428916249249, "roll": -3.141592653589793, "speed": 36.04931910990559, "ke": false, "uid": "e_1"}