{"kind": "Loop", "angle": 1.5707963267948966, "radius": 63.538287215487394, "roll": 0.0, "speed": 28.932252962817138, "ke": false, "uid": "e_2"}